{
  "response": [
    {
      "response-id": null,
      "path-properties": {
        "path-metric": [
          {
            "metric-type": "SNR@bandwidth",
            "accumulative-value": null
          },
          {
            "metric-type": "SNR@0.1nm",
            "accumulative-value": null
          },
          {
            "metric-type": "OSNR@bandwidth",
            "accumulative-value": null
          },
          {
            "metric-type": "OSNR@0.1nm",
            "accumulative-value": null
          },
          {
            "metric-type": "reference_power",
            "accumulative-value": null
          },
          {
            "metric-type": "path_bandwidth",
            "accumulative-value": null
          }
        ],
        "path-route-objects": [
          {
            "path-route-object": {
              "index": 0,
              "num-unnum-hop": {
                "node-id": null,
                "link-tp-id": null
              }
            }
          },
          {
            "path-route-object": {
              "index": 1,
              "transponder": {
                "transponder-type": null,
                "transponder-mode": null
              }
            }
          },
          {
            "path-route-object": {
              "index": 2,
              "num-unnum-hop": {
                "node-id": null,
                "link-tp-id": null
              }
            }
          }
        ]
      }
    }
  ]
}