{
  "path-request": [
    {
      "request-id": null,
      "source": null,
      "destination": null,
      "src-tp-id": null,
      "dst-tp-id": null,
      "explicit-route-objects": {
        "route-object-include-exclude": [
          {
            "explicit-route-usage": null,
            "index": null,
            "num-unnum-hop": {
              "node-id": null,
              "link-tp-id": null,
              "hop-type": null
            }
          },
          {
            "explicit-route-usage": null,
            "index": null,
            "label-hop": {
              "N": null,
              "M": null
            }
          },
          {
            "explicit-route-usage": null,
            "index": null,
            "transponder": {
              "transponder-type": null,
              "transponder-mode": null
            }
          },
          {
            "explicit-route-usage": null,
            "index": null,
            "regenerator": {
              "regenerator-id": null,
              "transponder-type": null,
              "transponder-mode": null
            }
          }
        ]
      },      
      "path-constraints": {
        "te-bandwidth": {
          "technology": "flexi-grid",
          "trx_type": "name of the tsp type_variety as listed in the library",
          "trx_mode": "optional, name of the mode as listed in the tsp type_variety",
          "effective-freq-slot": [
            {
              "n": "null",
              "m": "null"
            }
          ],
          "spacing": mandatory decimal Hz,
          "max-nb-of-channel": optional integer,
          "output-power": optional decimal W,
          "path_bandwidth": optional bit/s
        }
      }
    }
  ],
  "synchronization": [   list of disjunctions, optional
    {
      "synchronization-id": "3",
      "svec": {
        "relaxable": "True",
        "disjointness": "node link",
        "request-id-number": [
         null, null ]
        },
    }
  ]  
}