{
  "path-request": [
    {
      "request-id": "first",
      "source": "netconf:10.0.254.93:830",
      "destination": "netconf:10.0.254.94:830",
      "src-tp-id": "trx-Amsterdam",
      "dst-tp-id": "trx-Bremen",
      "bidirectional": true,
      "path-constraints": {
        "te-bandwidth": {
          "technology": "flexi-grid",
          "trx_type": "Cassini",
          "trx_mode": null,
          "effective-freq-slot": [
            {
              "N": "null",
              "M": "null"
            }
          ],
          "spacing": 50000000000.0,
          "max-nb-of-channel": null,
          "output-power": null,
          "path_bandwidth": 100000000000.0
        }
      }
    },
    {
      "request-id": "second",
      "source": "netconf:10.0.254.93:830",
      "destination": "netconf:10.0.254.94:830",
      "src-tp-id": "trx-Amsterdam",
      "dst-tp-id": "trx-Bremen",
      "bidirectional": true,
      "path-constraints": {
        "te-bandwidth": {
          "technology": "flexi-grid",
          "trx_type": "Cassini",
          "trx_mode": null,
          "effective-freq-slot": [
            {
              "N": "null",
              "M": "null"
            }
          ],
          "spacing": 50000000000.0,
          "max-nb-of-channel": null,
          "output-power": null,
          "path_bandwidth": 100000000000.0
        }
      }
    }
  ],
  "synchronization": [
    {
      "synchronization-id": "some redundancy please",
      "svec": {
        "relaxable": "false",
        "disjointness": "node link",
        "request-id-number": [
          "first",
          "second"
        ]
      }
    }
  ]
}
