{
  "elements": [
    {
      "uid": "netconf:10.0.254.93:830",
      "type": "Transceiver"
    },
    {
      "uid": "netconf:10.0.254.107:830",
      "type": "Roadm",
      "params": {
        "target_pch_out_db": -2.0,
        "per_degree_target_pch_out_db": [
          {
            "to_node": "netconf:10.0.254.93:830",
            "target_pch_out_db": -25
          },
          {
            "to_node": "splice-(roadm-Amsterdam-AD)-(patch-(roadm-Amsterdam-AD)-(roadm-Amsterdam-L1))",
            "target_pch_out_db": -12
          },
          {
            "to_node": "splice-(roadm-Amsterdam-AD)-(patch-(roadm-Amsterdam-AD)-(roadm-Amsterdam-L2))",
            "target_pch_out_db": -12
          }
        ]
      }
    },
    {
      "uid": "netconf:10.0.254.101:830",
      "type": "Roadm",
      "params": {
        "target_pch_out_db": -23.0,
        "per_degree_target_pch_out_db": [
          {
            "to_node": "roadm-Amsterdam-L1-booster",
            "target_pch_out_db": -23
          },
          {
            "to_node": "splice-(roadm-Amsterdam-L1)-(patch-(roadm-Amsterdam-L1)-(roadm-Amsterdam-AD))",
            "target_pch_out_db": -12
          },
          {
            "to_node": "splice-(roadm-Amsterdam-L1)-(patch-(roadm-Amsterdam-L1)-(roadm-Amsterdam-L2))",
            "target_pch_out_db": -12
          }
        ]
      }
    },
    {
      "uid": "roadm-Amsterdam-L1-booster",
      "type": "Edfa",
      "type_variety": "fixed22",
      "operational": {
        "gain_target": 22,
        "out_voa": 12.0
      }
    },
    {
      "uid": "roadm-Amsterdam-L1-preamp",
      "type": "Edfa",
      "type_variety": "fixed27",
      "operational": {
        "gain_target": 27,
        "out_voa": 0.0
      }
    },
    {
      "uid": "patch-(roadm-Amsterdam-AD)-(roadm-Amsterdam-L1)",
      "type": "Fiber",
      "type_variety": "SSMF",
      "params": {
        "length": 0,
        "length_units": "km",
        "loss_coef": 0.2,
        "con_in": 0.5,
        "con_out": 0.5
      }
    },
    {
      "uid": "splice-(roadm-Amsterdam-AD)-(patch-(roadm-Amsterdam-AD)-(roadm-Amsterdam-L1))",
      "type": "Fused",
      "params": {
        "loss": 0.0
      }
    },
    {
      "uid": "splice-(patch-(roadm-Amsterdam-AD)-(roadm-Amsterdam-L1))-(roadm-Amsterdam-L1)",
      "type": "Fused",
      "params": {
        "loss": 0.0
      }
    },
    {
      "uid": "patch-(roadm-Amsterdam-L1)-(roadm-Amsterdam-AD)",
      "type": "Fiber",
      "type_variety": "SSMF",
      "params": {
        "length": 0,
        "length_units": "km",
        "loss_coef": 0.2,
        "con_in": 0.5,
        "con_out": 0.5
      }
    },
    {
      "uid": "splice-(roadm-Amsterdam-L1)-(patch-(roadm-Amsterdam-L1)-(roadm-Amsterdam-AD))",
      "type": "Fused",
      "params": {
        "loss": 0.0
      }
    },
    {
      "uid": "splice-(patch-(roadm-Amsterdam-L1)-(roadm-Amsterdam-AD))-(roadm-Amsterdam-AD)",
      "type": "Fused",
      "params": {
        "loss": 0.0
      }
    },
    {
      "uid": "patch-(roadm-Amsterdam-L1)-(roadm-Amsterdam-L2)",
      "type": "Fiber",
      "type_variety": "SSMF",
      "params": {
        "length": 0,
        "length_units": "km",
        "loss_coef": 0.2,
        "con_in": 0.5,
        "con_out": 0.5
      }
    },
    {
      "uid": "splice-(roadm-Amsterdam-L1)-(patch-(roadm-Amsterdam-L1)-(roadm-Amsterdam-L2))",
      "type": "Fused",
      "params": {
        "loss": 0.0
      }
    },
    {
      "uid": "splice-(patch-(roadm-Amsterdam-L1)-(roadm-Amsterdam-L2))-(roadm-Amsterdam-L2)",
      "type": "Fused",
      "params": {
        "loss": 0.0
      }
    },
    {
      "uid": "netconf:10.0.254.235:830",
      "type": "Roadm",
      "params": {
        "target_pch_out_db": -23.0,
        "per_degree_target_pch_out_db": [
          {
            "to_node": "roadm-Amsterdam-L2-booster",
            "target_pch_out_db": -23
          },
          {
            "to_node": "splice-(roadm-Amsterdam-L2)-(patch-(roadm-Amsterdam-L2)-(roadm-Amsterdam-AD))",
            "target_pch_out_db": -12
          },
          {
            "to_node": "splice-(roadm-Amsterdam-L2)-(patch-(roadm-Amsterdam-L2)-(roadm-Amsterdam-L1))",
            "target_pch_out_db": -12
          }
        ]
      }
    },
    {
      "uid": "roadm-Amsterdam-L2-booster",
      "type": "Edfa",
      "type_variety": "fixed22",
      "operational": {
        "gain_target": 22,
        "out_voa": 12.0
      }
    },
    {
      "uid": "roadm-Amsterdam-L2-preamp",
      "type": "Edfa",
      "type_variety": "fixed27",
      "operational": {
        "gain_target": 27,
        "out_voa": 0.0
      }
    },
    {
      "uid": "patch-(roadm-Amsterdam-AD)-(roadm-Amsterdam-L2)",
      "type": "Fiber",
      "type_variety": "SSMF",
      "params": {
        "length": 0,
        "length_units": "km",
        "loss_coef": 0.2,
        "con_in": 0.5,
        "con_out": 0.5
      }
    },
    {
      "uid": "splice-(roadm-Amsterdam-AD)-(patch-(roadm-Amsterdam-AD)-(roadm-Amsterdam-L2))",
      "type": "Fused",
      "params": {
        "loss": 0.0
      }
    },
    {
      "uid": "splice-(patch-(roadm-Amsterdam-AD)-(roadm-Amsterdam-L2))-(roadm-Amsterdam-L2)",
      "type": "Fused",
      "params": {
        "loss": 0.0
      }
    },
    {
      "uid": "patch-(roadm-Amsterdam-L2)-(roadm-Amsterdam-AD)",
      "type": "Fiber",
      "type_variety": "SSMF",
      "params": {
        "length": 0,
        "length_units": "km",
        "loss_coef": 0.2,
        "con_in": 0.5,
        "con_out": 0.5
      }
    },
    {
      "uid": "splice-(roadm-Amsterdam-L2)-(patch-(roadm-Amsterdam-L2)-(roadm-Amsterdam-AD))",
      "type": "Fused",
      "params": {
        "loss": 0.0
      }
    },
    {
      "uid": "splice-(patch-(roadm-Amsterdam-L2)-(roadm-Amsterdam-AD))-(roadm-Amsterdam-AD)",
      "type": "Fused",
      "params": {
        "loss": 0.0
      }
    },
    {
      "uid": "patch-(roadm-Amsterdam-L2)-(roadm-Amsterdam-L1)",
      "type": "Fiber",
      "type_variety": "SSMF",
      "params": {
        "length": 0,
        "length_units": "km",
        "loss_coef": 0.2,
        "con_in": 0.5,
        "con_out": 0.5
      }
    },
    {
      "uid": "splice-(roadm-Amsterdam-L2)-(patch-(roadm-Amsterdam-L2)-(roadm-Amsterdam-L1))",
      "type": "Fused",
      "params": {
        "loss": 0.0
      }
    },
    {
      "uid": "splice-(patch-(roadm-Amsterdam-L2)-(roadm-Amsterdam-L1))-(roadm-Amsterdam-L1)",
      "type": "Fused",
      "params": {
        "loss": 0.0
      }
    },
    {
      "uid": "netconf:10.0.254.94:830",
      "type": "Transceiver"
    },
    {
      "uid": "netconf:10.0.254.225:830",
      "type": "Roadm",
      "params": {
        "target_pch_out_db": -2.0,
        "per_degree_target_pch_out_db": [
          {
            "to_node": "netconf:10.0.254.94:830",
            "target_pch_out_db": -25
          },
          {
            "to_node": "splice-(roadm-Bremen-AD)-(patch-(roadm-Bremen-AD)-(roadm-Bremen-L1))",
            "target_pch_out_db": -12
          },
          {
            "to_node": "splice-(roadm-Bremen-AD)-(patch-(roadm-Bremen-AD)-(roadm-Bremen-L2))",
            "target_pch_out_db": -12
          }
        ]
      }
    },
    {
      "uid": "netconf:10.0.254.100:830",
      "type": "Roadm",
      "params": {
        "target_pch_out_db": -23.0,
        "per_degree_target_pch_out_db": [
          {
            "to_node": "roadm-Bremen-L1-booster",
            "target_pch_out_db": -23
          },
          {
            "to_node": "splice-(roadm-Bremen-L1)-(patch-(roadm-Bremen-L1)-(roadm-Bremen-AD))",
            "target_pch_out_db": -12
          },
          {
            "to_node": "splice-(roadm-Bremen-L1)-(patch-(roadm-Bremen-L1)-(roadm-Bremen-L2))",
            "target_pch_out_db": -12
          }
        ]
      }
    },
    {
      "uid": "roadm-Bremen-L1-booster",
      "type": "Edfa",
      "type_variety": "fixed22",
      "operational": {
        "gain_target": 22,
        "out_voa": 12.0
      }
    },
    {
      "uid": "roadm-Bremen-L1-preamp",
      "type": "Edfa",
      "type_variety": "fixed27",
      "operational": {
        "gain_target": 27,
        "out_voa": 0.0
      }
    },
    {
      "uid": "patch-(roadm-Bremen-AD)-(roadm-Bremen-L1)",
      "type": "Fiber",
      "type_variety": "SSMF",
      "params": {
        "length": 0,
        "length_units": "km",
        "loss_coef": 0.2,
        "con_in": 0.5,
        "con_out": 0.5
      }
    },
    {
      "uid": "splice-(roadm-Bremen-AD)-(patch-(roadm-Bremen-AD)-(roadm-Bremen-L1))",
      "type": "Fused",
      "params": {
        "loss": 0.0
      }
    },
    {
      "uid": "splice-(patch-(roadm-Bremen-AD)-(roadm-Bremen-L1))-(roadm-Bremen-L1)",
      "type": "Fused",
      "params": {
        "loss": 0.0
      }
    },
    {
      "uid": "patch-(roadm-Bremen-L1)-(roadm-Bremen-AD)",
      "type": "Fiber",
      "type_variety": "SSMF",
      "params": {
        "length": 0,
        "length_units": "km",
        "loss_coef": 0.2,
        "con_in": 0.5,
        "con_out": 0.5
      }
    },
    {
      "uid": "splice-(roadm-Bremen-L1)-(patch-(roadm-Bremen-L1)-(roadm-Bremen-AD))",
      "type": "Fused",
      "params": {
        "loss": 0.0
      }
    },
    {
      "uid": "splice-(patch-(roadm-Bremen-L1)-(roadm-Bremen-AD))-(roadm-Bremen-AD)",
      "type": "Fused",
      "params": {
        "loss": 0.0
      }
    },
    {
      "uid": "patch-(roadm-Bremen-L1)-(roadm-Bremen-L2)",
      "type": "Fiber",
      "type_variety": "SSMF",
      "params": {
        "length": 0,
        "length_units": "km",
        "loss_coef": 0.2,
        "con_in": 0.5,
        "con_out": 0.5
      }
    },
    {
      "uid": "splice-(roadm-Bremen-L1)-(patch-(roadm-Bremen-L1)-(roadm-Bremen-L2))",
      "type": "Fused",
      "params": {
        "loss": 0.0
      }
    },
    {
      "uid": "splice-(patch-(roadm-Bremen-L1)-(roadm-Bremen-L2))-(roadm-Bremen-L2)",
      "type": "Fused",
      "params": {
        "loss": 0.0
      }
    },
    {
      "uid": "netconf:10.0.254.102:830",
      "type": "Roadm",
      "params": {
        "target_pch_out_db": -23.0,
        "per_degree_target_pch_out_db": [
          {
            "to_node": "roadm-Bremen-L2-booster",
            "target_pch_out_db": -23
          },
          {
            "to_node": "splice-(roadm-Bremen-L2)-(patch-(roadm-Bremen-L2)-(roadm-Bremen-AD))",
            "target_pch_out_db": -12
          },
          {
            "to_node": "splice-(roadm-Bremen-L2)-(patch-(roadm-Bremen-L2)-(roadm-Bremen-L1))",
            "target_pch_out_db": -12
          }
        ]
      }
    },
    {
      "uid": "roadm-Bremen-L2-booster",
      "type": "Edfa",
      "type_variety": "fixed22",
      "operational": {
        "gain_target": 22,
        "out_voa": 12.0
      }
    },
    {
      "uid": "roadm-Bremen-L2-preamp",
      "type": "Edfa",
      "type_variety": "fixed27",
      "operational": {
        "gain_target": 27,
        "out_voa": 0.0
      }
    },
    {
      "uid": "patch-(roadm-Bremen-AD)-(roadm-Bremen-L2)",
      "type": "Fiber",
      "type_variety": "SSMF",
      "params": {
        "length": 0,
        "length_units": "km",
        "loss_coef": 0.2,
        "con_in": 0.5,
        "con_out": 0.5
      }
    },
    {
      "uid": "splice-(roadm-Bremen-AD)-(patch-(roadm-Bremen-AD)-(roadm-Bremen-L2))",
      "type": "Fused",
      "params": {
        "loss": 0.0
      }
    },
    {
      "uid": "splice-(patch-(roadm-Bremen-AD)-(roadm-Bremen-L2))-(roadm-Bremen-L2)",
      "type": "Fused",
      "params": {
        "loss": 0.0
      }
    },
    {
      "uid": "patch-(roadm-Bremen-L2)-(roadm-Bremen-AD)",
      "type": "Fiber",
      "type_variety": "SSMF",
      "params": {
        "length": 0,
        "length_units": "km",
        "loss_coef": 0.2,
        "con_in": 0.5,
        "con_out": 0.5
      }
    },
    {
      "uid": "splice-(roadm-Bremen-L2)-(patch-(roadm-Bremen-L2)-(roadm-Bremen-AD))",
      "type": "Fused",
      "params": {
        "loss": 0.0
      }
    },
    {
      "uid": "splice-(patch-(roadm-Bremen-L2)-(roadm-Bremen-AD))-(roadm-Bremen-AD)",
      "type": "Fused",
      "params": {
        "loss": 0.0
      }
    },
    {
      "uid": "patch-(roadm-Bremen-L2)-(roadm-Bremen-L1)",
      "type": "Fiber",
      "type_variety": "SSMF",
      "params": {
        "length": 0,
        "length_units": "km",
        "loss_coef": 0.2,
        "con_in": 0.5,
        "con_out": 0.5
      }
    },
    {
      "uid": "splice-(roadm-Bremen-L2)-(patch-(roadm-Bremen-L2)-(roadm-Bremen-L1))",
      "type": "Fused",
      "params": {
        "loss": 0.0
      }
    },
    {
      "uid": "splice-(patch-(roadm-Bremen-L2)-(roadm-Bremen-L1))-(roadm-Bremen-L1)",
      "type": "Fused",
      "params": {
        "loss": 0.0
      }
    },
    {
      "uid": "trx-Cologne",
      "type": "Transceiver"
    },
    {
      "uid": "roadm-Cologne-AD",
      "type": "Roadm",
      "params": {
        "target_pch_out_db": -2.0,
        "per_degree_target_pch_out_db": [
          {
            "to_node": "trx-Cologne",
            "target_pch_out_db": -25
          },
          {
            "to_node": "splice-(roadm-Cologne-AD)-(patch-(roadm-Cologne-AD)-(roadm-Cologne-L1))",
            "target_pch_out_db": -12
          },
          {
            "to_node": "splice-(roadm-Cologne-AD)-(patch-(roadm-Cologne-AD)-(roadm-Cologne-L2))",
            "target_pch_out_db": -12
          }
        ]
      }
    },
    {
      "uid": "netconf:10.0.254.99:830",
      "type": "Roadm",
      "params": {
        "target_pch_out_db": -23.0,
        "per_degree_target_pch_out_db": [
          {
            "to_node": "roadm-Cologne-L1-booster",
            "target_pch_out_db": -23
          },
          {
            "to_node": "splice-(roadm-Cologne-L1)-(patch-(roadm-Cologne-L1)-(roadm-Cologne-AD))",
            "target_pch_out_db": -12
          },
          {
            "to_node": "splice-(roadm-Cologne-L1)-(patch-(roadm-Cologne-L1)-(roadm-Cologne-L2))",
            "target_pch_out_db": -12
          }
        ]
      }
    },
    {
      "uid": "roadm-Cologne-L1-booster",
      "type": "Edfa",
      "type_variety": "fixed22",
      "operational": {
        "gain_target": 22,
        "out_voa": 12.0
      }
    },
    {
      "uid": "roadm-Cologne-L1-preamp",
      "type": "Edfa",
      "type_variety": "fixed27",
      "operational": {
        "gain_target": 27,
        "out_voa": 0.0
      }
    },
    {
      "uid": "patch-(roadm-Cologne-AD)-(roadm-Cologne-L1)",
      "type": "Fiber",
      "type_variety": "SSMF",
      "params": {
        "length": 0,
        "length_units": "km",
        "loss_coef": 0.2,
        "con_in": 0.5,
        "con_out": 0.5
      }
    },
    {
      "uid": "splice-(roadm-Cologne-AD)-(patch-(roadm-Cologne-AD)-(roadm-Cologne-L1))",
      "type": "Fused",
      "params": {
        "loss": 0.0
      }
    },
    {
      "uid": "splice-(patch-(roadm-Cologne-AD)-(roadm-Cologne-L1))-(roadm-Cologne-L1)",
      "type": "Fused",
      "params": {
        "loss": 0.0
      }
    },
    {
      "uid": "patch-(roadm-Cologne-L1)-(roadm-Cologne-AD)",
      "type": "Fiber",
      "type_variety": "SSMF",
      "params": {
        "length": 0,
        "length_units": "km",
        "loss_coef": 0.2,
        "con_in": 0.5,
        "con_out": 0.5
      }
    },
    {
      "uid": "splice-(roadm-Cologne-L1)-(patch-(roadm-Cologne-L1)-(roadm-Cologne-AD))",
      "type": "Fused",
      "params": {
        "loss": 0.0
      }
    },
    {
      "uid": "splice-(patch-(roadm-Cologne-L1)-(roadm-Cologne-AD))-(roadm-Cologne-AD)",
      "type": "Fused",
      "params": {
        "loss": 0.0
      }
    },
    {
      "uid": "patch-(roadm-Cologne-L1)-(roadm-Cologne-L2)",
      "type": "Fiber",
      "type_variety": "SSMF",
      "params": {
        "length": 0,
        "length_units": "km",
        "loss_coef": 0.2,
        "con_in": 0.5,
        "con_out": 0.5
      }
    },
    {
      "uid": "splice-(roadm-Cologne-L1)-(patch-(roadm-Cologne-L1)-(roadm-Cologne-L2))",
      "type": "Fused",
      "params": {
        "loss": 0.0
      }
    },
    {
      "uid": "splice-(patch-(roadm-Cologne-L1)-(roadm-Cologne-L2))-(roadm-Cologne-L2)",
      "type": "Fused",
      "params": {
        "loss": 0.0
      }
    },
    {
      "uid": "netconf:10.0.254.104:830",
      "type": "Roadm",
      "params": {
        "target_pch_out_db": -23.0,
        "per_degree_target_pch_out_db": [
          {
            "to_node": "roadm-Cologne-L2-booster",
            "target_pch_out_db": -23
          },
          {
            "to_node": "splice-(roadm-Cologne-L2)-(patch-(roadm-Cologne-L2)-(roadm-Cologne-AD))",
            "target_pch_out_db": -12
          },
          {
            "to_node": "splice-(roadm-Cologne-L2)-(patch-(roadm-Cologne-L2)-(roadm-Cologne-L1))",
            "target_pch_out_db": -12
          }
        ]
      }
    },
    {
      "uid": "roadm-Cologne-L2-booster",
      "type": "Edfa",
      "type_variety": "fixed22",
      "operational": {
        "gain_target": 22,
        "out_voa": 12.0
      }
    },
    {
      "uid": "roadm-Cologne-L2-preamp",
      "type": "Edfa",
      "type_variety": "fixed27",
      "operational": {
        "gain_target": 27,
        "out_voa": 0.0
      }
    },
    {
      "uid": "patch-(roadm-Cologne-AD)-(roadm-Cologne-L2)",
      "type": "Fiber",
      "type_variety": "SSMF",
      "params": {
        "length": 0,
        "length_units": "km",
        "loss_coef": 0.2,
        "con_in": 0.5,
        "con_out": 0.5
      }
    },
    {
      "uid": "splice-(roadm-Cologne-AD)-(patch-(roadm-Cologne-AD)-(roadm-Cologne-L2))",
      "type": "Fused",
      "params": {
        "loss": 0.0
      }
    },
    {
      "uid": "splice-(patch-(roadm-Cologne-AD)-(roadm-Cologne-L2))-(roadm-Cologne-L2)",
      "type": "Fused",
      "params": {
        "loss": 0.0
      }
    },
    {
      "uid": "patch-(roadm-Cologne-L2)-(roadm-Cologne-AD)",
      "type": "Fiber",
      "type_variety": "SSMF",
      "params": {
        "length": 0,
        "length_units": "km",
        "loss_coef": 0.2,
        "con_in": 0.5,
        "con_out": 0.5
      }
    },
    {
      "uid": "splice-(roadm-Cologne-L2)-(patch-(roadm-Cologne-L2)-(roadm-Cologne-AD))",
      "type": "Fused",
      "params": {
        "loss": 0.0
      }
    },
    {
      "uid": "splice-(patch-(roadm-Cologne-L2)-(roadm-Cologne-AD))-(roadm-Cologne-AD)",
      "type": "Fused",
      "params": {
        "loss": 0.0
      }
    },
    {
      "uid": "patch-(roadm-Cologne-L2)-(roadm-Cologne-L1)",
      "type": "Fiber",
      "type_variety": "SSMF",
      "params": {
        "length": 0,
        "length_units": "km",
        "loss_coef": 0.2,
        "con_in": 0.5,
        "con_out": 0.5
      }
    },
    {
      "uid": "splice-(roadm-Cologne-L2)-(patch-(roadm-Cologne-L2)-(roadm-Cologne-L1))",
      "type": "Fused",
      "params": {
        "loss": 0.0
      }
    },
    {
      "uid": "splice-(patch-(roadm-Cologne-L2)-(roadm-Cologne-L1))-(roadm-Cologne-L1)",
      "type": "Fused",
      "params": {
        "loss": 0.0
      }
    },
    {
      "uid": "fiber-Amsterdam-Bremen",
      "type": "Fiber",
      "type_variety": "SSMF",
      "params": {
        "length": 50,
        "length_units": "km",
        "loss_coef": 0.2,
        "con_in": 1.5,
        "con_out": 1.5
      }
    },
    {
      "uid": "fiber-Bremen-Amsterdam",
      "type": "Fiber",
      "type_variety": "SSMF",
      "params": {
        "length": 50,
        "length_units": "km",
        "loss_coef": 0.2,
        "con_in": 1.5,
        "con_out": 1.5
      }
    },
    {
      "uid": "fiber-Bremen-Cologne",
      "type": "Fiber",
      "type_variety": "SSMF",
      "params": {
        "length": 50,
        "length_units": "km",
        "loss_coef": 0.2,
        "con_in": 1.5,
        "con_out": 1.5
      }
    },
    {
      "uid": "fiber-Cologne-Bremen",
      "type": "Fiber",
      "type_variety": "SSMF",
      "params": {
        "length": 50,
        "length_units": "km",
        "loss_coef": 0.2,
        "con_in": 1.5,
        "con_out": 1.5
      }
    },
    {
      "uid": "fiber-Cologne-Amsterdam",
      "type": "Fiber",
      "type_variety": "SSMF",
      "params": {
        "length": 50,
        "length_units": "km",
        "loss_coef": 0.2,
        "con_in": 1.5,
        "con_out": 1.5
      }
    },
    {
      "uid": "fiber-Amsterdam-Cologne",
      "type": "Fiber",
      "type_variety": "SSMF",
      "params": {
        "length": 50,
        "length_units": "km",
        "loss_coef": 0.2,
        "con_in": 1.5,
        "con_out": 1.5
      }
    }
  ],
  "connections": [
    {
      "from_node": "netconf:10.0.254.93:830",
      "to_node": "netconf:10.0.254.107:830"
    },
    {
      "from_node": "netconf:10.0.254.107:830",
      "to_node": "netconf:10.0.254.93:830"
    },
    {
      "from_node": "netconf:10.0.254.101:830",
      "to_node": "roadm-Amsterdam-L1-booster"
    },
    {
      "from_node": "roadm-Amsterdam-L1-preamp",
      "to_node": "netconf:10.0.254.101:830"
    },
    {
      "from_node": "netconf:10.0.254.107:830",
      "to_node": "splice-(roadm-Amsterdam-AD)-(patch-(roadm-Amsterdam-AD)-(roadm-Amsterdam-L1))"
    },
    {
      "from_node": "splice-(roadm-Amsterdam-AD)-(patch-(roadm-Amsterdam-AD)-(roadm-Amsterdam-L1))",
      "to_node": "patch-(roadm-Amsterdam-AD)-(roadm-Amsterdam-L1)"
    },
    {
      "from_node": "patch-(roadm-Amsterdam-AD)-(roadm-Amsterdam-L1)",
      "to_node": "splice-(patch-(roadm-Amsterdam-AD)-(roadm-Amsterdam-L1))-(roadm-Amsterdam-L1)"
    },
    {
      "from_node": "splice-(patch-(roadm-Amsterdam-AD)-(roadm-Amsterdam-L1))-(roadm-Amsterdam-L1)",
      "to_node": "netconf:10.0.254.101:830"
    },
    {
      "from_node": "netconf:10.0.254.101:830",
      "to_node": "splice-(roadm-Amsterdam-L1)-(patch-(roadm-Amsterdam-L1)-(roadm-Amsterdam-AD))"
    },
    {
      "from_node": "splice-(roadm-Amsterdam-L1)-(patch-(roadm-Amsterdam-L1)-(roadm-Amsterdam-AD))",
      "to_node": "patch-(roadm-Amsterdam-L1)-(roadm-Amsterdam-AD)"
    },
    {
      "from_node": "patch-(roadm-Amsterdam-L1)-(roadm-Amsterdam-AD)",
      "to_node": "splice-(patch-(roadm-Amsterdam-L1)-(roadm-Amsterdam-AD))-(roadm-Amsterdam-AD)"
    },
    {
      "from_node": "splice-(patch-(roadm-Amsterdam-L1)-(roadm-Amsterdam-AD))-(roadm-Amsterdam-AD)",
      "to_node": "netconf:10.0.254.107:830"
    },
    {
      "from_node": "netconf:10.0.254.101:830",
      "to_node": "splice-(roadm-Amsterdam-L1)-(patch-(roadm-Amsterdam-L1)-(roadm-Amsterdam-L2))"
    },
    {
      "from_node": "splice-(roadm-Amsterdam-L1)-(patch-(roadm-Amsterdam-L1)-(roadm-Amsterdam-L2))",
      "to_node": "patch-(roadm-Amsterdam-L1)-(roadm-Amsterdam-L2)"
    },
    {
      "from_node": "patch-(roadm-Amsterdam-L1)-(roadm-Amsterdam-L2)",
      "to_node": "splice-(patch-(roadm-Amsterdam-L1)-(roadm-Amsterdam-L2))-(roadm-Amsterdam-L2)"
    },
    {
      "from_node": "splice-(patch-(roadm-Amsterdam-L1)-(roadm-Amsterdam-L2))-(roadm-Amsterdam-L2)",
      "to_node": "netconf:10.0.254.235:830"
    },
    {
      "from_node": "netconf:10.0.254.235:830",
      "to_node": "roadm-Amsterdam-L2-booster"
    },
    {
      "from_node": "roadm-Amsterdam-L2-preamp",
      "to_node": "netconf:10.0.254.235:830"
    },
    {
      "from_node": "netconf:10.0.254.107:830",
      "to_node": "splice-(roadm-Amsterdam-AD)-(patch-(roadm-Amsterdam-AD)-(roadm-Amsterdam-L2))"
    },
    {
      "from_node": "splice-(roadm-Amsterdam-AD)-(patch-(roadm-Amsterdam-AD)-(roadm-Amsterdam-L2))",
      "to_node": "patch-(roadm-Amsterdam-AD)-(roadm-Amsterdam-L2)"
    },
    {
      "from_node": "patch-(roadm-Amsterdam-AD)-(roadm-Amsterdam-L2)",
      "to_node": "splice-(patch-(roadm-Amsterdam-AD)-(roadm-Amsterdam-L2))-(roadm-Amsterdam-L2)"
    },
    {
      "from_node": "splice-(patch-(roadm-Amsterdam-AD)-(roadm-Amsterdam-L2))-(roadm-Amsterdam-L2)",
      "to_node": "netconf:10.0.254.235:830"
    },
    {
      "from_node": "netconf:10.0.254.235:830",
      "to_node": "splice-(roadm-Amsterdam-L2)-(patch-(roadm-Amsterdam-L2)-(roadm-Amsterdam-AD))"
    },
    {
      "from_node": "splice-(roadm-Amsterdam-L2)-(patch-(roadm-Amsterdam-L2)-(roadm-Amsterdam-AD))",
      "to_node": "patch-(roadm-Amsterdam-L2)-(roadm-Amsterdam-AD)"
    },
    {
      "from_node": "patch-(roadm-Amsterdam-L2)-(roadm-Amsterdam-AD)",
      "to_node": "splice-(patch-(roadm-Amsterdam-L2)-(roadm-Amsterdam-AD))-(roadm-Amsterdam-AD)"
    },
    {
      "from_node": "splice-(patch-(roadm-Amsterdam-L2)-(roadm-Amsterdam-AD))-(roadm-Amsterdam-AD)",
      "to_node": "netconf:10.0.254.107:830"
    },
    {
      "from_node": "netconf:10.0.254.235:830",
      "to_node": "splice-(roadm-Amsterdam-L2)-(patch-(roadm-Amsterdam-L2)-(roadm-Amsterdam-L1))"
    },
    {
      "from_node": "splice-(roadm-Amsterdam-L2)-(patch-(roadm-Amsterdam-L2)-(roadm-Amsterdam-L1))",
      "to_node": "patch-(roadm-Amsterdam-L2)-(roadm-Amsterdam-L1)"
    },
    {
      "from_node": "patch-(roadm-Amsterdam-L2)-(roadm-Amsterdam-L1)",
      "to_node": "splice-(patch-(roadm-Amsterdam-L2)-(roadm-Amsterdam-L1))-(roadm-Amsterdam-L1)"
    },
    {
      "from_node": "splice-(patch-(roadm-Amsterdam-L2)-(roadm-Amsterdam-L1))-(roadm-Amsterdam-L1)",
      "to_node": "netconf:10.0.254.101:830"
    },
    {
      "from_node": "netconf:10.0.254.94:830",
      "to_node": "netconf:10.0.254.225:830"
    },
    {
      "from_node": "netconf:10.0.254.225:830",
      "to_node": "netconf:10.0.254.94:830"
    },
    {
      "from_node": "netconf:10.0.254.100:830",
      "to_node": "roadm-Bremen-L1-booster"
    },
    {
      "from_node": "roadm-Bremen-L1-preamp",
      "to_node": "netconf:10.0.254.100:830"
    },
    {
      "from_node": "netconf:10.0.254.225:830",
      "to_node": "splice-(roadm-Bremen-AD)-(patch-(roadm-Bremen-AD)-(roadm-Bremen-L1))"
    },
    {
      "from_node": "splice-(roadm-Bremen-AD)-(patch-(roadm-Bremen-AD)-(roadm-Bremen-L1))",
      "to_node": "patch-(roadm-Bremen-AD)-(roadm-Bremen-L1)"
    },
    {
      "from_node": "patch-(roadm-Bremen-AD)-(roadm-Bremen-L1)",
      "to_node": "splice-(patch-(roadm-Bremen-AD)-(roadm-Bremen-L1))-(roadm-Bremen-L1)"
    },
    {
      "from_node": "splice-(patch-(roadm-Bremen-AD)-(roadm-Bremen-L1))-(roadm-Bremen-L1)",
      "to_node": "netconf:10.0.254.100:830"
    },
    {
      "from_node": "netconf:10.0.254.100:830",
      "to_node": "splice-(roadm-Bremen-L1)-(patch-(roadm-Bremen-L1)-(roadm-Bremen-AD))"
    },
    {
      "from_node": "splice-(roadm-Bremen-L1)-(patch-(roadm-Bremen-L1)-(roadm-Bremen-AD))",
      "to_node": "patch-(roadm-Bremen-L1)-(roadm-Bremen-AD)"
    },
    {
      "from_node": "patch-(roadm-Bremen-L1)-(roadm-Bremen-AD)",
      "to_node": "splice-(patch-(roadm-Bremen-L1)-(roadm-Bremen-AD))-(roadm-Bremen-AD)"
    },
    {
      "from_node": "splice-(patch-(roadm-Bremen-L1)-(roadm-Bremen-AD))-(roadm-Bremen-AD)",
      "to_node": "netconf:10.0.254.225:830"
    },
    {
      "from_node": "netconf:10.0.254.100:830",
      "to_node": "splice-(roadm-Bremen-L1)-(patch-(roadm-Bremen-L1)-(roadm-Bremen-L2))"
    },
    {
      "from_node": "splice-(roadm-Bremen-L1)-(patch-(roadm-Bremen-L1)-(roadm-Bremen-L2))",
      "to_node": "patch-(roadm-Bremen-L1)-(roadm-Bremen-L2)"
    },
    {
      "from_node": "patch-(roadm-Bremen-L1)-(roadm-Bremen-L2)",
      "to_node": "splice-(patch-(roadm-Bremen-L1)-(roadm-Bremen-L2))-(roadm-Bremen-L2)"
    },
    {
      "from_node": "splice-(patch-(roadm-Bremen-L1)-(roadm-Bremen-L2))-(roadm-Bremen-L2)",
      "to_node": "netconf:10.0.254.102:830"
    },
    {
      "from_node": "netconf:10.0.254.102:830",
      "to_node": "roadm-Bremen-L2-booster"
    },
    {
      "from_node": "roadm-Bremen-L2-preamp",
      "to_node": "netconf:10.0.254.102:830"
    },
    {
      "from_node": "netconf:10.0.254.225:830",
      "to_node": "splice-(roadm-Bremen-AD)-(patch-(roadm-Bremen-AD)-(roadm-Bremen-L2))"
    },
    {
      "from_node": "splice-(roadm-Bremen-AD)-(patch-(roadm-Bremen-AD)-(roadm-Bremen-L2))",
      "to_node": "patch-(roadm-Bremen-AD)-(roadm-Bremen-L2)"
    },
    {
      "from_node": "patch-(roadm-Bremen-AD)-(roadm-Bremen-L2)",
      "to_node": "splice-(patch-(roadm-Bremen-AD)-(roadm-Bremen-L2))-(roadm-Bremen-L2)"
    },
    {
      "from_node": "splice-(patch-(roadm-Bremen-AD)-(roadm-Bremen-L2))-(roadm-Bremen-L2)",
      "to_node": "netconf:10.0.254.102:830"
    },
    {
      "from_node": "netconf:10.0.254.102:830",
      "to_node": "splice-(roadm-Bremen-L2)-(patch-(roadm-Bremen-L2)-(roadm-Bremen-AD))"
    },
    {
      "from_node": "splice-(roadm-Bremen-L2)-(patch-(roadm-Bremen-L2)-(roadm-Bremen-AD))",
      "to_node": "patch-(roadm-Bremen-L2)-(roadm-Bremen-AD)"
    },
    {
      "from_node": "patch-(roadm-Bremen-L2)-(roadm-Bremen-AD)",
      "to_node": "splice-(patch-(roadm-Bremen-L2)-(roadm-Bremen-AD))-(roadm-Bremen-AD)"
    },
    {
      "from_node": "splice-(patch-(roadm-Bremen-L2)-(roadm-Bremen-AD))-(roadm-Bremen-AD)",
      "to_node": "netconf:10.0.254.225:830"
    },
    {
      "from_node": "netconf:10.0.254.102:830",
      "to_node": "splice-(roadm-Bremen-L2)-(patch-(roadm-Bremen-L2)-(roadm-Bremen-L1))"
    },
    {
      "from_node": "splice-(roadm-Bremen-L2)-(patch-(roadm-Bremen-L2)-(roadm-Bremen-L1))",
      "to_node": "patch-(roadm-Bremen-L2)-(roadm-Bremen-L1)"
    },
    {
      "from_node": "patch-(roadm-Bremen-L2)-(roadm-Bremen-L1)",
      "to_node": "splice-(patch-(roadm-Bremen-L2)-(roadm-Bremen-L1))-(roadm-Bremen-L1)"
    },
    {
      "from_node": "splice-(patch-(roadm-Bremen-L2)-(roadm-Bremen-L1))-(roadm-Bremen-L1)",
      "to_node": "netconf:10.0.254.100:830"
    },
    {
      "from_node": "trx-Cologne",
      "to_node": "roadm-Cologne-AD"
    },
    {
      "from_node": "roadm-Cologne-AD",
      "to_node": "trx-Cologne"
    },
    {
      "from_node": "netconf:10.0.254.99:830",
      "to_node": "roadm-Cologne-L1-booster"
    },
    {
      "from_node": "roadm-Cologne-L1-preamp",
      "to_node": "netconf:10.0.254.99:830"
    },
    {
      "from_node": "roadm-Cologne-AD",
      "to_node": "splice-(roadm-Cologne-AD)-(patch-(roadm-Cologne-AD)-(roadm-Cologne-L1))"
    },
    {
      "from_node": "splice-(roadm-Cologne-AD)-(patch-(roadm-Cologne-AD)-(roadm-Cologne-L1))",
      "to_node": "patch-(roadm-Cologne-AD)-(roadm-Cologne-L1)"
    },
    {
      "from_node": "patch-(roadm-Cologne-AD)-(roadm-Cologne-L1)",
      "to_node": "splice-(patch-(roadm-Cologne-AD)-(roadm-Cologne-L1))-(roadm-Cologne-L1)"
    },
    {
      "from_node": "splice-(patch-(roadm-Cologne-AD)-(roadm-Cologne-L1))-(roadm-Cologne-L1)",
      "to_node": "netconf:10.0.254.99:830"
    },
    {
      "from_node": "netconf:10.0.254.99:830",
      "to_node": "splice-(roadm-Cologne-L1)-(patch-(roadm-Cologne-L1)-(roadm-Cologne-AD))"
    },
    {
      "from_node": "splice-(roadm-Cologne-L1)-(patch-(roadm-Cologne-L1)-(roadm-Cologne-AD))",
      "to_node": "patch-(roadm-Cologne-L1)-(roadm-Cologne-AD)"
    },
    {
      "from_node": "patch-(roadm-Cologne-L1)-(roadm-Cologne-AD)",
      "to_node": "splice-(patch-(roadm-Cologne-L1)-(roadm-Cologne-AD))-(roadm-Cologne-AD)"
    },
    {
      "from_node": "splice-(patch-(roadm-Cologne-L1)-(roadm-Cologne-AD))-(roadm-Cologne-AD)",
      "to_node": "roadm-Cologne-AD"
    },
    {
      "from_node": "netconf:10.0.254.99:830",
      "to_node": "splice-(roadm-Cologne-L1)-(patch-(roadm-Cologne-L1)-(roadm-Cologne-L2))"
    },
    {
      "from_node": "splice-(roadm-Cologne-L1)-(patch-(roadm-Cologne-L1)-(roadm-Cologne-L2))",
      "to_node": "patch-(roadm-Cologne-L1)-(roadm-Cologne-L2)"
    },
    {
      "from_node": "patch-(roadm-Cologne-L1)-(roadm-Cologne-L2)",
      "to_node": "splice-(patch-(roadm-Cologne-L1)-(roadm-Cologne-L2))-(roadm-Cologne-L2)"
    },
    {
      "from_node": "splice-(patch-(roadm-Cologne-L1)-(roadm-Cologne-L2))-(roadm-Cologne-L2)",
      "to_node": "netconf:10.0.254.104:830"
    },
    {
      "from_node": "netconf:10.0.254.104:830",
      "to_node": "roadm-Cologne-L2-booster"
    },
    {
      "from_node": "roadm-Cologne-L2-preamp",
      "to_node": "netconf:10.0.254.104:830"
    },
    {
      "from_node": "roadm-Cologne-AD",
      "to_node": "splice-(roadm-Cologne-AD)-(patch-(roadm-Cologne-AD)-(roadm-Cologne-L2))"
    },
    {
      "from_node": "splice-(roadm-Cologne-AD)-(patch-(roadm-Cologne-AD)-(roadm-Cologne-L2))",
      "to_node": "patch-(roadm-Cologne-AD)-(roadm-Cologne-L2)"
    },
    {
      "from_node": "patch-(roadm-Cologne-AD)-(roadm-Cologne-L2)",
      "to_node": "splice-(patch-(roadm-Cologne-AD)-(roadm-Cologne-L2))-(roadm-Cologne-L2)"
    },
    {
      "from_node": "splice-(patch-(roadm-Cologne-AD)-(roadm-Cologne-L2))-(roadm-Cologne-L2)",
      "to_node": "netconf:10.0.254.104:830"
    },
    {
      "from_node": "netconf:10.0.254.104:830",
      "to_node": "splice-(roadm-Cologne-L2)-(patch-(roadm-Cologne-L2)-(roadm-Cologne-AD))"
    },
    {
      "from_node": "splice-(roadm-Cologne-L2)-(patch-(roadm-Cologne-L2)-(roadm-Cologne-AD))",
      "to_node": "patch-(roadm-Cologne-L2)-(roadm-Cologne-AD)"
    },
    {
      "from_node": "patch-(roadm-Cologne-L2)-(roadm-Cologne-AD)",
      "to_node": "splice-(patch-(roadm-Cologne-L2)-(roadm-Cologne-AD))-(roadm-Cologne-AD)"
    },
    {
      "from_node": "splice-(patch-(roadm-Cologne-L2)-(roadm-Cologne-AD))-(roadm-Cologne-AD)",
      "to_node": "roadm-Cologne-AD"
    },
    {
      "from_node": "netconf:10.0.254.104:830",
      "to_node": "splice-(roadm-Cologne-L2)-(patch-(roadm-Cologne-L2)-(roadm-Cologne-L1))"
    },
    {
      "from_node": "splice-(roadm-Cologne-L2)-(patch-(roadm-Cologne-L2)-(roadm-Cologne-L1))",
      "to_node": "patch-(roadm-Cologne-L2)-(roadm-Cologne-L1)"
    },
    {
      "from_node": "patch-(roadm-Cologne-L2)-(roadm-Cologne-L1)",
      "to_node": "splice-(patch-(roadm-Cologne-L2)-(roadm-Cologne-L1))-(roadm-Cologne-L1)"
    },
    {
      "from_node": "splice-(patch-(roadm-Cologne-L2)-(roadm-Cologne-L1))-(roadm-Cologne-L1)",
      "to_node": "netconf:10.0.254.99:830"
    },
    {
      "from_node": "roadm-Amsterdam-L1-booster",
      "to_node": "fiber-Amsterdam-Bremen"
    },
    {
      "from_node": "fiber-Amsterdam-Bremen",
      "to_node": "roadm-Bremen-L2-preamp"
    },
    {
      "from_node": "roadm-Bremen-L2-booster",
      "to_node": "fiber-Bremen-Amsterdam"
    },
    {
      "from_node": "fiber-Bremen-Amsterdam",
      "to_node": "roadm-Amsterdam-L1-preamp"
    },
    {
      "from_node": "roadm-Bremen-L1-booster",
      "to_node": "fiber-Bremen-Cologne"
    },
    {
      "from_node": "fiber-Bremen-Cologne",
      "to_node": "roadm-Cologne-L2-preamp"
    },
    {
      "from_node": "roadm-Cologne-L2-booster",
      "to_node": "fiber-Cologne-Bremen"
    },
    {
      "from_node": "fiber-Cologne-Bremen",
      "to_node": "roadm-Bremen-L1-preamp"
    },
    {
      "from_node": "roadm-Cologne-L1-booster",
      "to_node": "fiber-Cologne-Amsterdam"
    },
    {
      "from_node": "fiber-Cologne-Amsterdam",
      "to_node": "roadm-Amsterdam-L2-preamp"
    },
    {
      "from_node": "roadm-Amsterdam-L2-booster",
      "to_node": "fiber-Amsterdam-Cologne"
    },
    {
      "from_node": "fiber-Amsterdam-Cologne",
      "to_node": "roadm-Cologne-L1-preamp"
    }
  ]
}
