{
  "elements": [
    {
      "uid": "trx Lannion_CAS",
      "metadata": {
        "location": {
          "city": "Lannion_CAS",
          "region": "RLD",
          "latitude": 2.0,
          "longitude": 0.0
        }
      },
      "type": "Transceiver"
    },
    {
      "uid": "trx Lorient_KMA",
      "metadata": {
        "location": {
          "city": "Lorient_KMA",
          "region": "RLD",
          "latitude": 2.0,
          "longitude": 3.0
        }
      },
      "type": "Transceiver"
    },
    {
      "uid": "trx Vannes_KBE",
      "metadata": {
        "location": {
          "city": "Vannes_KBE",
          "region": "RLD",
          "latitude": 2.0,
          "longitude": 4.0
        }
      },
      "type": "Transceiver"
    },
    {
      "uid": "trx Rennes_STA",
      "metadata": {
        "location": {
          "city": "Rennes_STA",
          "region": "RLD",
          "latitude": 0.0,
          "longitude": 0.0
        }
      },
      "type": "Transceiver"
    },
    {
      "uid": "trx Brest_KLA",
      "metadata": {
        "location": {
          "city": "Brest_KLA",
          "region": "RLD",
          "latitude": 4.0,
          "longitude": 0.0
        }
      },
      "type": "Transceiver"
    },
    {
      "uid": "roadm Lannion_CAS",
      "metadata": {
        "location": {
          "city": "Lannion_CAS",
          "region": "RLD",
          "latitude": 2.0,
          "longitude": 0.0
        }
      },
      "type": "Roadm"
    },
    {
      "uid": "roadm Lorient_KMA",
      "metadata": {
        "location": {
          "city": "Lorient_KMA",
          "region": "RLD",
          "latitude": 2.0,
          "longitude": 3.0
        }
      },
      "type": "Roadm"
    },
    {
      "uid": "roadm Vannes_KBE",
      "metadata": {
        "location": {
          "city": "Vannes_KBE",
          "region": "RLD",
          "latitude": 2.0,
          "longitude": 4.0
        }
      },
      "type": "Roadm"
    },
    {
      "uid": "roadm Rennes_STA",
      "metadata": {
        "location": {
          "city": "Rennes_STA",
          "region": "RLD",
          "latitude": 0.0,
          "longitude": 0.0
        }
      },
      "type": "Roadm"
    },
    {
      "uid": "roadm Brest_KLA",
      "metadata": {
        "location": {
          "city": "Brest_KLA",
          "region": "RLD",
          "latitude": 4.0,
          "longitude": 0.0
        }
      },
      "type": "Roadm"
    },
    {
      "uid": "west fused spans in Corlay",
      "metadata": {
        "location": {
          "city": "Corlay",
          "region": "RLD",
          "latitude": 2.0,
          "longitude": 1.0
        }
      },
      "type": "Fused"
    },
    {
      "uid": "west fused spans in Loudeac",
      "metadata": {
        "location": {
          "city": "Loudeac",
          "region": "RLD",
          "latitude": 2.0,
          "longitude": 2.0
        }
      },
      "type": "Fused"
    },
    {
      "uid": "west fused spans in Morlaix",
      "metadata": {
        "location": {
          "city": "Morlaix",
          "region": "RLD",
          "latitude": 3.0,
          "longitude": 0.0
        }
      },
      "type": "Fused"
    },
    {
      "uid": "east fused spans in Corlay",
      "metadata": {
        "location": {
          "city": "Corlay",
          "region": "RLD",
          "latitude": 2.0,
          "longitude": 1.0
        }
      },
      "type": "Fused"
    },
    {
      "uid": "east fused spans in Loudeac",
      "metadata": {
        "location": {
          "city": "Loudeac",
          "region": "RLD",
          "latitude": 2.0,
          "longitude": 2.0
        }
      },
      "type": "Fused"
    },
    {
      "uid": "east fused spans in Morlaix",
      "metadata": {
        "location": {
          "city": "Morlaix",
          "region": "RLD",
          "latitude": 3.0,
          "longitude": 0.0
        }
      },
      "type": "Fused"
    },
    {
      "uid": "fiber (Lannion_CAS → Corlay)-F061",
      "metadata": {
        "location": {
          "latitude": 2.0,
          "longitude": 0.5
        }
      },
      "type": "Fiber",
      "type_variety": "SSMF",
      "params": {
        "length": 20.0,
        "length_units": "km",
        "loss_coef": 0.2,
        "con_in": null,
        "con_out": null
      }
    },
    {
      "uid": "fiber (Corlay → Loudeac)-F010",
      "metadata": {
        "location": {
          "latitude": 2.0,
          "longitude": 1.5
        }
      },
      "type": "Fiber",
      "type_variety": "SSMF",
      "params": {
        "length": 50.0,
        "length_units": "km",
        "loss_coef": 0.2,
        "con_in": null,
        "con_out": null
      }
    },
    {
      "uid": "fiber (Loudeac → Lorient_KMA)-F054",
      "metadata": {
        "location": {
          "latitude": 2.0,
          "longitude": 2.5
        }
      },
      "type": "Fiber",
      "type_variety": "SSMF",
      "params": {
        "length": 60.0,
        "length_units": "km",
        "loss_coef": 0.2,
        "con_in": null,
        "con_out": null
      }
    },
    {
      "uid": "fiber (Lorient_KMA → Vannes_KBE)-F055",
      "metadata": {
        "location": {
          "latitude": 2.0,
          "longitude": 3.5
        }
      },
      "type": "Fiber",
      "type_variety": "SSMF",
      "params": {
        "length": 10.0,
        "length_units": "km",
        "loss_coef": 0.2,
        "con_in": null,
        "con_out": null
      }
    },
    {
      "uid": "fiber (Lannion_CAS → Stbrieuc)-F056",
      "metadata": {
        "location": {
          "latitude": 1.5,
          "longitude": 0.0
        }
      },
      "type": "Fiber",
      "type_variety": "SSMF",
      "params": {
        "length": 60.0,
        "length_units": "km",
        "loss_coef": 0.2,
        "con_in": null,
        "con_out": null
      }
    },
    {
      "uid": "fiber (Stbrieuc → Rennes_STA)-F057",
      "metadata": {
        "location": {
          "latitude": 0.5,
          "longitude": 0.0
        }
      },
      "type": "Fiber",
      "type_variety": "SSMF",
      "params": {
        "length": 65.0,
        "length_units": "km",
        "loss_coef": 0.2,
        "con_in": null,
        "con_out": null
      }
    },
    {
      "uid": "fiber (Lannion_CAS → Morlaix)-F059",
      "metadata": {
        "location": {
          "latitude": 2.5,
          "longitude": 0.0
        }
      },
      "type": "Fiber",
      "type_variety": "SSMF",
      "params": {
        "length": 40.0,
        "length_units": "km",
        "loss_coef": 0.2,
        "con_in": null,
        "con_out": null
      }
    },
    {
      "uid": "fiber (Morlaix → Brest_KLA)-F060",
      "metadata": {
        "location": {
          "latitude": 3.5,
          "longitude": 0.0
        }
      },
      "type": "Fiber",
      "type_variety": "SSMF",
      "params": {
        "length": 35.0,
        "length_units": "km",
        "loss_coef": 0.2,
        "con_in": null,
        "con_out": null
      }
    },
    {
      "uid": "fiber (Brest_KLA → Quimper)-",
      "metadata": {
        "location": {
          "latitude": 2.5,
          "longitude": 0.5
        }
      },
      "type": "Fiber",
      "type_variety": "SSMF",
      "params": {
        "length": 75.0,
        "length_units": "km",
        "loss_coef": 0.2,
        "con_in": null,
        "con_out": null
      }
    },
    {
      "uid": "fiber (Quimper → Lorient_KMA)-",
      "metadata": {
        "location": {
          "latitude": 1.5,
          "longitude": 2.0
        }
      },
      "type": "Fiber",
      "type_variety": "SSMF",
      "params": {
        "length": 70.0,
        "length_units": "km",
        "loss_coef": 0.2,
        "con_in": null,
        "con_out": null
      }
    },
    {
      "uid": "fiber (Ploermel → Vannes_KBE)-",
      "metadata": {
        "location": {
          "latitude": 1.5,
          "longitude": 3.0
        }
      },
      "type": "Fiber",
      "type_variety": "SSMF",
      "params": {
        "length": 50.0,
        "length_units": "km",
        "loss_coef": 0.2,
        "con_in": null,
        "con_out": null
      }
    },
    {
      "uid": "fiber (Ploermel → Rennes_STA)-",
      "metadata": {
        "location": {
          "latitude": 0.5,
          "longitude": 1.0
        }
      },
      "type": "Fiber",
      "type_variety": "SSMF",
      "params": {
        "length": 55.0,
        "length_units": "km",
        "loss_coef": 0.2,
        "con_in": null,
        "con_out": null
      }
    },
    {
      "uid": "fiber (Corlay → Lannion_CAS)-F061",
      "metadata": {
        "location": {
          "latitude": 2.0,
          "longitude": 0.5
        }
      },
      "type": "Fiber",
      "type_variety": "SSMF",
      "params": {
        "length": 20.0,
        "length_units": "km",
        "loss_coef": 0.2,
        "con_in": null,
        "con_out": null
      }
    },
    {
      "uid": "fiber (Loudeac → Corlay)-F010",
      "metadata": {
        "location": {
          "latitude": 2.0,
          "longitude": 1.5
        }
      },
      "type": "Fiber",
      "type_variety": "SSMF",
      "params": {
        "length": 50.0,
        "length_units": "km",
        "loss_coef": 0.2,
        "con_in": null,
        "con_out": null
      }
    },
    {
      "uid": "fiber (Lorient_KMA → Loudeac)-F054",
      "metadata": {
        "location": {
          "latitude": 2.0,
          "longitude": 2.5
        }
      },
      "type": "Fiber",
      "type_variety": "SSMF",
      "params": {
        "length": 60.0,
        "length_units": "km",
        "loss_coef": 0.2,
        "con_in": null,
        "con_out": null
      }
    },
    {
      "uid": "fiber (Vannes_KBE → Lorient_KMA)-F055",
      "metadata": {
        "location": {
          "latitude": 2.0,
          "longitude": 3.5
        }
      },
      "type": "Fiber",
      "type_variety": "SSMF",
      "params": {
        "length": 10.0,
        "length_units": "km",
        "loss_coef": 0.2,
        "con_in": null,
        "con_out": null
      }
    },
    {
      "uid": "fiber (Stbrieuc → Lannion_CAS)-F056",
      "metadata": {
        "location": {
          "latitude": 1.5,
          "longitude": 0.0
        }
      },
      "type": "Fiber",
      "type_variety": "SSMF",
      "params": {
        "length": 60.0,
        "length_units": "km",
        "loss_coef": 0.2,
        "con_in": null,
        "con_out": null
      }
    },
    {
      "uid": "fiber (Rennes_STA → Stbrieuc)-F057",
      "metadata": {
        "location": {
          "latitude": 0.5,
          "longitude": 0.0
        }
      },
      "type": "Fiber",
      "type_variety": "SSMF",
      "params": {
        "length": 65.0,
        "length_units": "km",
        "loss_coef": 0.2,
        "con_in": null,
        "con_out": null
      }
    },
    {
      "uid": "fiber (Morlaix → Lannion_CAS)-F059",
      "metadata": {
        "location": {
          "latitude": 2.5,
          "longitude": 0.0
        }
      },
      "type": "Fiber",
      "type_variety": "SSMF",
      "params": {
        "length": 40.0,
        "length_units": "km",
        "loss_coef": 0.2,
        "con_in": null,
        "con_out": null
      }
    },
    {
      "uid": "fiber (Brest_KLA → Morlaix)-F060",
      "metadata": {
        "location": {
          "latitude": 3.5,
          "longitude": 0.0
        }
      },
      "type": "Fiber",
      "type_variety": "SSMF",
      "params": {
        "length": 35.0,
        "length_units": "km",
        "loss_coef": 0.2,
        "con_in": null,
        "con_out": null
      }
    },
    {
      "uid": "fiber (Quimper → Brest_KLA)-",
      "metadata": {
        "location": {
          "latitude": 2.5,
          "longitude": 0.5
        }
      },
      "type": "Fiber",
      "type_variety": "SSMF",
      "params": {
        "length": 75.0,
        "length_units": "km",
        "loss_coef": 0.2,
        "con_in": null,
        "con_out": null
      }
    },
    {
      "uid": "fiber (Lorient_KMA → Quimper)-",
      "metadata": {
        "location": {
          "latitude": 1.5,
          "longitude": 2.0
        }
      },
      "type": "Fiber",
      "type_variety": "SSMF",
      "params": {
        "length": 70.0,
        "length_units": "km",
        "loss_coef": 0.2,
        "con_in": null,
        "con_out": null
      }
    },
    {
      "uid": "fiber (Vannes_KBE → Ploermel)-",
      "metadata": {
        "location": {
          "latitude": 1.5,
          "longitude": 3.0
        }
      },
      "type": "Fiber",
      "type_variety": "SSMF",
      "params": {
        "length": 50.0,
        "length_units": "km",
        "loss_coef": 0.2,
        "con_in": null,
        "con_out": null
      }
    },
    {
      "uid": "fiber (Rennes_STA → Ploermel)-",
      "metadata": {
        "location": {
          "latitude": 0.5,
          "longitude": 1.0
        }
      },
      "type": "Fiber",
      "type_variety": "SSMF",
      "params": {
        "length": 55.0,
        "length_units": "km",
        "loss_coef": 0.2,
        "con_in": null,
        "con_out": null
      }
    },
    {
      "uid": "east edfa in Lannion_CAS to Corlay",
      "metadata": {
        "location": {
          "city": "Lannion_CAS",
          "region": "RLD",
          "latitude": 2.0,
          "longitude": 0.0
        }
      },
      "type": "Edfa",
      "type_variety": "std_low_gain",
      "operational": {
        "gain_target": null,
        "delta_p": 1.0,
        "tilt_target": 0,
        "out_voa": null
      }
    },
    {
      "uid": "east edfa in Corlay to Loudeac",
      "metadata": {
        "location": {
          "city": "Corlay",
          "region": "RLD",
          "latitude": 2.0,
          "longitude": 1.0
        }
      },
      "type": "Edfa",
      "type_variety": "std_low_gain",
      "operational": {
        "gain_target": null,
        "delta_p": 1.0,
        "tilt_target": 0,
        "out_voa": null
      }
    },
    {
      "uid": "east edfa in Loudeac to Lorient_KMA",
      "metadata": {
        "location": {
          "city": "Loudeac",
          "region": "RLD",
          "latitude": 2.0,
          "longitude": 2.0
        }
      },
      "type": "Edfa",
      "type_variety": "std_low_gain",
      "operational": {
        "gain_target": null,
        "delta_p": 1.0,
        "tilt_target": 0,
        "out_voa": null
      }
    },
    {
      "uid": "east edfa in Lannion_CAS to Stbrieuc",
      "metadata": {
        "location": {
          "city": "Lannion_CAS",
          "region": "RLD",
          "latitude": 2.0,
          "longitude": 0.0
        }
      },
      "type": "Edfa",
      "type_variety": "std_low_gain",
      "operational": {
        "gain_target": null,
        "delta_p": 1.0,
        "tilt_target": 0,
        "out_voa": null
      }
    },
    {
      "uid": "east edfa in Stbrieuc to Rennes_STA",
      "metadata": {
        "location": {
          "city": "Stbrieuc",
          "region": "RLD",
          "latitude": 1.0,
          "longitude": 0.0
        }
      },
      "type": "Edfa",
      "type_variety": "std_low_gain",
      "operational": {
        "gain_target": null,
        "delta_p": 1.0,
        "tilt_target": 0,
        "out_voa": null
      }
    },
    {
      "uid": "east edfa in Lannion_CAS to Morlaix",
      "metadata": {
        "location": {
          "city": "Lannion_CAS",
          "region": "RLD",
          "latitude": 2.0,
          "longitude": 0.0
        }
      },
      "type": "Edfa",
      "type_variety": "std_low_gain",
      "operational": {
        "gain_target": null,
        "delta_p": 1.0,
        "tilt_target": 0,
        "out_voa": null
      }
    },
    {
      "uid": "east edfa in Lorient_KMA to Loudeac",
      "metadata": {
        "location": {
          "city": "Lorient_KMA",
          "region": "RLD",
          "latitude": 2.0,
          "longitude": 3.0
        }
      },
      "type": "Edfa",
      "type_variety": "std_low_gain",
      "operational": {
        "gain_target": null,
        "delta_p": 1.0,
        "tilt_target": 0,
        "out_voa": null
      }
    },
    {
      "uid": "east edfa in Vannes_KBE to Lorient_KMA",
      "metadata": {
        "location": {
          "city": "Vannes_KBE",
          "region": "RLD",
          "latitude": 2.0,
          "longitude": 4.0
        }
      },
      "type": "Edfa",
      "type_variety": "std_low_gain",
      "operational": {
        "gain_target": null,
        "delta_p": 1.0,
        "tilt_target": 0,
        "out_voa": null
      }
    },
    {
      "uid": "east edfa in Rennes_STA to Stbrieuc",
      "metadata": {
        "location": {
          "city": "Rennes_STA",
          "region": "RLD",
          "latitude": 0.0,
          "longitude": 0.0
        }
      },
      "type": "Edfa",
      "type_variety": "std_low_gain",
      "operational": {
        "gain_target": null,
        "delta_p": 1.0,
        "tilt_target": 0,
        "out_voa": null
      }
    },
    {
      "uid": "east edfa in Brest_KLA to Morlaix",
      "metadata": {
        "location": {
          "city": "Brest_KLA",
          "region": "RLD",
          "latitude": 4.0,
          "longitude": 0.0
        }
      },
      "type": "Edfa",
      "type_variety": "std_low_gain",
      "operational": {
        "gain_target": null,
        "delta_p": 1.0,
        "tilt_target": 0,
        "out_voa": null
      }
    },
    {
      "uid": "west edfa in Lannion_CAS to Corlay",
      "metadata": {
        "location": {
          "city": "Lannion_CAS",
          "region": "RLD",
          "latitude": 2.0,
          "longitude": 0.0
        }
      },
      "type": "Edfa",
      "type_variety": "std_low_gain",
      "operational": {
        "gain_target": null,
        "delta_p": 1.0,
        "tilt_target": 0,
        "out_voa": null
      }
    },
    {
      "uid": "west edfa in Corlay to Loudeac",
      "metadata": {
        "location": {
          "city": "Corlay",
          "region": "RLD",
          "latitude": 2.0,
          "longitude": 1.0
        }
      },
      "type": "Edfa",
      "type_variety": "std_low_gain",
      "operational": {
        "gain_target": null,
        "delta_p": 1.0,
        "tilt_target": 0,
        "out_voa": null
      }
    },
    {
      "uid": "west edfa in Loudeac to Lorient_KMA",
      "metadata": {
        "location": {
          "city": "Loudeac",
          "region": "RLD",
          "latitude": 2.0,
          "longitude": 2.0
        }
      },
      "type": "Edfa",
      "type_variety": "std_low_gain",
      "operational": {
        "gain_target": null,
        "delta_p": 1.0,
        "tilt_target": 0,
        "out_voa": null
      }
    },
    {
      "uid": "west edfa in Lorient_KMA to Vannes_KBE",
      "metadata": {
        "location": {
          "city": "Lorient_KMA",
          "region": "RLD",
          "latitude": 2.0,
          "longitude": 3.0
        }
      },
      "type": "Edfa",
      "type_variety": "std_low_gain",
      "operational": {
        "gain_target": null,
        "delta_p": 1.0,
        "tilt_target": 0,
        "out_voa": null
      }
    },
    {
      "uid": "west edfa in Lannion_CAS to Stbrieuc",
      "metadata": {
        "location": {
          "city": "Lannion_CAS",
          "region": "RLD",
          "latitude": 2.0,
          "longitude": 0.0
        }
      },
      "type": "Edfa",
      "type_variety": "std_low_gain",
      "operational": {
        "gain_target": null,
        "delta_p": 1.0,
        "tilt_target": 0,
        "out_voa": null
      }
    },
    {
      "uid": "west edfa in Stbrieuc to Rennes_STA",
      "metadata": {
        "location": {
          "city": "Stbrieuc",
          "region": "RLD",
          "latitude": 1.0,
          "longitude": 0.0
        }
      },
      "type": "Edfa",
      "type_variety": "std_low_gain",
      "operational": {
        "gain_target": null,
        "delta_p": 1.0,
        "tilt_target": 0,
        "out_voa": null
      }
    },
    {
      "uid": "west edfa in Lannion_CAS to Morlaix",
      "metadata": {
        "location": {
          "city": "Lannion_CAS",
          "region": "RLD",
          "latitude": 2.0,
          "longitude": 0.0
        }
      },
      "type": "Edfa",
      "type_variety": "std_low_gain",
      "operational": {
        "gain_target": null,
        "delta_p": 1.0,
        "tilt_target": 0,
        "out_voa": null
      }
    },
    {
      "uid": "west edfa in Lorient_KMA to Loudeac",
      "metadata": {
        "location": {
          "city": "Lorient_KMA",
          "region": "RLD",
          "latitude": 2.0,
          "longitude": 3.0
        }
      },
      "type": "Edfa",
      "type_variety": "std_low_gain",
      "operational": {
        "gain_target": null,
        "delta_p": 1.0,
        "tilt_target": 0,
        "out_voa": null
      }
    },
    {
      "uid": "west edfa in Vannes_KBE to Lorient_KMA",
      "metadata": {
        "location": {
          "city": "Vannes_KBE",
          "region": "RLD",
          "latitude": 2.0,
          "longitude": 4.0
        }
      },
      "type": "Edfa",
      "type_variety": "std_low_gain",
      "operational": {
        "gain_target": null,
        "delta_p": 1.0,
        "tilt_target": 0,
        "out_voa": null
      }
    },
    {
      "uid": "west edfa in Rennes_STA to Stbrieuc",
      "metadata": {
        "location": {
          "city": "Rennes_STA",
          "region": "RLD",
          "latitude": 0.0,
          "longitude": 0.0
        }
      },
      "type": "Edfa",
      "type_variety": "std_low_gain",
      "operational": {
        "gain_target": null,
        "delta_p": 1.0,
        "tilt_target": 0,
        "out_voa": null
      }
    },
    {
      "uid": "west edfa in Brest_KLA to Morlaix",
      "metadata": {
        "location": {
          "city": "Brest_KLA",
          "region": "RLD",
          "latitude": 4.0,
          "longitude": 0.0
        }
      },
      "type": "Edfa",
      "type_variety": "std_low_gain",
      "operational": {
        "gain_target": null,
        "delta_p": 1.0,
        "tilt_target": 0,
        "out_voa": null
      }
    },
    {
      "uid": "east edfa in Lorient_KMA to Vannes_KBE",
      "metadata": {
        "location": {
          "city": "Lorient_KMA",
          "region": "RLD",
          "latitude": 2.0,
          "longitude": 3.0
        }
      },
      "type": "Fused",
      "params": {
        "loss": 0
      }
    }
  ],
  "connections": [
    {
      "from_node": "roadm Lannion_CAS",
      "to_node": "east edfa in Lannion_CAS to Corlay"
    },
    {
      "from_node": "east edfa in Lannion_CAS to Corlay",
      "to_node": "fiber (Lannion_CAS → Corlay)-F061"
    },
    {
      "from_node": "fiber (Corlay → Lannion_CAS)-F061",
      "to_node": "west edfa in Lannion_CAS to Corlay"
    },
    {
      "from_node": "west edfa in Lannion_CAS to Corlay",
      "to_node": "roadm Lannion_CAS"
    },
    {
      "from_node": "roadm Lannion_CAS",
      "to_node": "east edfa in Lannion_CAS to Stbrieuc"
    },
    {
      "from_node": "east edfa in Lannion_CAS to Stbrieuc",
      "to_node": "fiber (Lannion_CAS → Stbrieuc)-F056"
    },
    {
      "from_node": "fiber (Stbrieuc → Lannion_CAS)-F056",
      "to_node": "west edfa in Lannion_CAS to Stbrieuc"
    },
    {
      "from_node": "west edfa in Lannion_CAS to Stbrieuc",
      "to_node": "roadm Lannion_CAS"
    },
    {
      "from_node": "roadm Lannion_CAS",
      "to_node": "east edfa in Lannion_CAS to Morlaix"
    },
    {
      "from_node": "east edfa in Lannion_CAS to Morlaix",
      "to_node": "fiber (Lannion_CAS → Morlaix)-F059"
    },
    {
      "from_node": "fiber (Morlaix → Lannion_CAS)-F059",
      "to_node": "west edfa in Lannion_CAS to Morlaix"
    },
    {
      "from_node": "west edfa in Lannion_CAS to Morlaix",
      "to_node": "roadm Lannion_CAS"
    },
    {
      "from_node": "fiber (Lannion_CAS → Corlay)-F061",
      "to_node": "west fused spans in Corlay"
    },
    {
      "from_node": "west fused spans in Corlay",
      "to_node": "fiber (Corlay → Loudeac)-F010"
    },
    {
      "from_node": "fiber (Loudeac → Corlay)-F010",
      "to_node": "east fused spans in Corlay"
    },
    {
      "from_node": "east fused spans in Corlay",
      "to_node": "fiber (Corlay → Lannion_CAS)-F061"
    },
    {
      "from_node": "fiber (Corlay → Loudeac)-F010",
      "to_node": "west fused spans in Loudeac"
    },
    {
      "from_node": "west fused spans in Loudeac",
      "to_node": "fiber (Loudeac → Lorient_KMA)-F054"
    },
    {
      "from_node": "fiber (Lorient_KMA → Loudeac)-F054",
      "to_node": "east fused spans in Loudeac"
    },
    {
      "from_node": "east fused spans in Loudeac",
      "to_node": "fiber (Loudeac → Corlay)-F010"
    },
    {
      "from_node": "roadm Lorient_KMA",
      "to_node": "east edfa in Lorient_KMA to Loudeac"
    },
    {
      "from_node": "east edfa in Lorient_KMA to Loudeac",
      "to_node": "fiber (Lorient_KMA → Loudeac)-F054"
    },
    {
      "from_node": "fiber (Loudeac → Lorient_KMA)-F054",
      "to_node": "west edfa in Lorient_KMA to Loudeac"
    },
    {
      "from_node": "west edfa in Lorient_KMA to Loudeac",
      "to_node": "roadm Lorient_KMA"
    },
    {
      "from_node": "roadm Lorient_KMA",
      "to_node": "east edfa in Lorient_KMA to Vannes_KBE"
    },
    {
      "from_node": "east edfa in Lorient_KMA to Vannes_KBE",
      "to_node": "fiber (Lorient_KMA → Vannes_KBE)-F055"
    },
    {
      "from_node": "fiber (Vannes_KBE → Lorient_KMA)-F055",
      "to_node": "west edfa in Lorient_KMA to Vannes_KBE"
    },
    {
      "from_node": "west edfa in Lorient_KMA to Vannes_KBE",
      "to_node": "roadm Lorient_KMA"
    },
    {
      "from_node": "roadm Lorient_KMA",
      "to_node": "fiber (Lorient_KMA → Quimper)-"
    },
    {
      "from_node": "fiber (Quimper → Lorient_KMA)-",
      "to_node": "roadm Lorient_KMA"
    },
    {
      "from_node": "roadm Vannes_KBE",
      "to_node": "east edfa in Vannes_KBE to Lorient_KMA"
    },
    {
      "from_node": "east edfa in Vannes_KBE to Lorient_KMA",
      "to_node": "fiber (Vannes_KBE → Lorient_KMA)-F055"
    },
    {
      "from_node": "fiber (Lorient_KMA → Vannes_KBE)-F055",
      "to_node": "west edfa in Vannes_KBE to Lorient_KMA"
    },
    {
      "from_node": "west edfa in Vannes_KBE to Lorient_KMA",
      "to_node": "roadm Vannes_KBE"
    },
    {
      "from_node": "roadm Vannes_KBE",
      "to_node": "fiber (Vannes_KBE → Ploermel)-"
    },
    {
      "from_node": "fiber (Ploermel → Vannes_KBE)-",
      "to_node": "roadm Vannes_KBE"
    },
    {
      "from_node": "fiber (Lannion_CAS → Stbrieuc)-F056",
      "to_node": "east edfa in Stbrieuc to Rennes_STA"
    },
    {
      "from_node": "east edfa in Stbrieuc to Rennes_STA",
      "to_node": "fiber (Stbrieuc → Rennes_STA)-F057"
    },
    {
      "from_node": "fiber (Rennes_STA → Stbrieuc)-F057",
      "to_node": "west edfa in Stbrieuc to Rennes_STA"
    },
    {
      "from_node": "west edfa in Stbrieuc to Rennes_STA",
      "to_node": "fiber (Stbrieuc → Lannion_CAS)-F056"
    },
    {
      "from_node": "roadm Rennes_STA",
      "to_node": "east edfa in Rennes_STA to Stbrieuc"
    },
    {
      "from_node": "east edfa in Rennes_STA to Stbrieuc",
      "to_node": "fiber (Rennes_STA → Stbrieuc)-F057"
    },
    {
      "from_node": "fiber (Stbrieuc → Rennes_STA)-F057",
      "to_node": "west edfa in Rennes_STA to Stbrieuc"
    },
    {
      "from_node": "west edfa in Rennes_STA to Stbrieuc",
      "to_node": "roadm Rennes_STA"
    },
    {
      "from_node": "roadm Rennes_STA",
      "to_node": "fiber (Rennes_STA → Ploermel)-"
    },
    {
      "from_node": "fiber (Ploermel → Rennes_STA)-",
      "to_node": "roadm Rennes_STA"
    },
    {
      "from_node": "fiber (Lannion_CAS → Morlaix)-F059",
      "to_node": "west fused spans in Morlaix"
    },
    {
      "from_node": "west fused spans in Morlaix",
      "to_node": "fiber (Morlaix → Brest_KLA)-F060"
    },
    {
      "from_node": "fiber (Brest_KLA → Morlaix)-F060",
      "to_node": "east fused spans in Morlaix"
    },
    {
      "from_node": "east fused spans in Morlaix",
      "to_node": "fiber (Morlaix → Lannion_CAS)-F059"
    },
    {
      "from_node": "roadm Brest_KLA",
      "to_node": "east edfa in Brest_KLA to Morlaix"
    },
    {
      "from_node": "east edfa in Brest_KLA to Morlaix",
      "to_node": "fiber (Brest_KLA → Morlaix)-F060"
    },
    {
      "from_node": "fiber (Morlaix → Brest_KLA)-F060",
      "to_node": "west edfa in Brest_KLA to Morlaix"
    },
    {
      "from_node": "west edfa in Brest_KLA to Morlaix",
      "to_node": "roadm Brest_KLA"
    },
    {
      "from_node": "roadm Brest_KLA",
      "to_node": "fiber (Brest_KLA → Quimper)-"
    },
    {
      "from_node": "fiber (Quimper → Brest_KLA)-",
      "to_node": "roadm Brest_KLA"
    },
    {
      "from_node": "fiber (Brest_KLA → Quimper)-",
      "to_node": "fiber (Quimper → Lorient_KMA)-"
    },
    {
      "from_node": "fiber (Lorient_KMA → Quimper)-",
      "to_node": "fiber (Quimper → Brest_KLA)-"
    },
    {
      "from_node": "fiber (Vannes_KBE → Ploermel)-",
      "to_node": "fiber (Ploermel → Rennes_STA)-"
    },
    {
      "from_node": "fiber (Rennes_STA → Ploermel)-",
      "to_node": "fiber (Ploermel → Vannes_KBE)-"
    },
    {
      "from_node": "trx Lannion_CAS",
      "to_node": "roadm Lannion_CAS"
    },
    {
      "from_node": "roadm Lannion_CAS",
      "to_node": "trx Lannion_CAS"
    },
    {
      "from_node": "trx Lorient_KMA",
      "to_node": "roadm Lorient_KMA"
    },
    {
      "from_node": "roadm Lorient_KMA",
      "to_node": "trx Lorient_KMA"
    },
    {
      "from_node": "trx Vannes_KBE",
      "to_node": "roadm Vannes_KBE"
    },
    {
      "from_node": "roadm Vannes_KBE",
      "to_node": "trx Vannes_KBE"
    },
    {
      "from_node": "trx Rennes_STA",
      "to_node": "roadm Rennes_STA"
    },
    {
      "from_node": "roadm Rennes_STA",
      "to_node": "trx Rennes_STA"
    },
    {
      "from_node": "trx Brest_KLA",
      "to_node": "roadm Brest_KLA"
    },
    {
      "from_node": "roadm Brest_KLA",
      "to_node": "trx Brest_KLA"
    }
  ]
}